{"entities":{"pages":{"Введение":{"id":"Введение","title":"Введение","url":"введение.html","level":0,"pages":["Коды-ошибок"],"tabIndex":0},"Коды-ошибок":{"id":"Коды-ошибок","title":"Коды ошибок","url":"коды-ошибок.html","level":1,"parentId":"Введение","tabIndex":0},"Авторизация":{"id":"Авторизация","title":"Авторизация","url":"авторизация.html","level":0,"tabIndex":1},"Обзор-ресурсов":{"id":"Обзор-ресурсов","title":"Обзор ресурсов","url":"обзор-ресурсов.html","level":0,"tabIndex":2},"j87ijs_2502":{"id":"j87ijs_2502","title":"API 7.0.2","level":0,"pages":["j87ijs_2503","j87ijs_2513","j87ijs_2518","j87ijs_2523","j87ijs_2528","j87ijs_2532","j87ijs_2543","SIP","j87ijs_2551","j87ijs_2558","j87ijs_2562","DTMF"],"tabIndex":3},"j87ijs_2503":{"id":"j87ijs_2503","title":"Системный API","level":1,"parentId":"j87ijs_2502","pages":["Чтение-информации-о-домофоне","Перезагрузка-домофона","Сброс-на-заводские-настройки","Неполный-сброс","Чтение-системного-времени","Установка-системного-времени","Чтение-настроек-syslog","Установка-настроек-syslog","Получение-моментального-снимка-с-камеры"],"tabIndex":0},"Чтение-информации-о-домофоне":{"id":"Чтение-информации-о-домофоне","title":"Чтение информации о домофоне","url":"чтение-информации-о-домофоне.html","level":2,"parentId":"j87ijs_2503","tabIndex":0},"Перезагрузка-домофона":{"id":"Перезагрузка-домофона","title":"Перезагрузка домофона","url":"перезагрузка-домофона.html","level":2,"parentId":"j87ijs_2503","tabIndex":1},"Сброс-на-заводские-настройки":{"id":"Сброс-на-заводские-настройки","title":"Сброс на заводские настройки","url":"сброс-на-заводские-настройки.html","level":2,"parentId":"j87ijs_2503","tabIndex":2},"Неполный-сброс":{"id":"Неполный-сброс","title":"Неполный сброс","url":"неполный-сброс.html","level":2,"parentId":"j87ijs_2503","tabIndex":3},"Чтение-системного-времени":{"id":"Чтение-системного-времени","title":"Чтение системного времени","url":"чтение-системного-времени.html","level":2,"parentId":"j87ijs_2503","tabIndex":4},"Установка-системного-времени":{"id":"Установка-системного-времени","title":"Установка системного времени","url":"установка-системного-времени.html","level":2,"parentId":"j87ijs_2503","tabIndex":5},"Чтение-настроек-syslog":{"id":"Чтение-настроек-syslog","title":"Чтение настроек syslog","url":"чтение-настроек-syslog.html","level":2,"parentId":"j87ijs_2503","tabIndex":6},"Установка-настроек-syslog":{"id":"Установка-настроек-syslog","title":"Установка настроек syslog","url":"установка-настроек-syslog.html","level":2,"parentId":"j87ijs_2503","tabIndex":7},"Получение-моментального-снимка-с-камеры":{"id":"Получение-моментального-снимка-с-камеры","title":"Получение моментального снимка с камеры","url":"получение-моментального-снимка-с-камеры.html","level":2,"parentId":"j87ijs_2503","tabIndex":8},"j87ijs_2513":{"id":"j87ijs_2513","title":"Управление данными квартир","level":1,"parentId":"j87ijs_2502","pages":["Чтение-данных-одной-квартиры","Добавление-редактирование-данных-одной-нескольких-квартир","Чтение-данных-всех-квартир","Удаление-одной-квартиры"],"tabIndex":1},"Чтение-данных-одной-квартиры":{"id":"Чтение-данных-одной-квартиры","title":"Чтение данных одной квартиры","url":"чтение-данных-одной-квартиры.html","level":2,"parentId":"j87ijs_2513","tabIndex":0},"Добавление-редактирование-данных-одной-нескольких-квартир":{"id":"Добавление-редактирование-данных-одной-нескольких-квартир","title":"Добавление/редактирование данных одной/нескольких квартир","url":"добавление-редактирование-данных-одной-нескольких-квартир.html","level":2,"parentId":"j87ijs_2513","tabIndex":1},"Чтение-данных-всех-квартир":{"id":"Чтение-данных-всех-квартир","title":"Чтение данных всех квартир","url":"чтение-данных-всех-квартир.html","level":2,"parentId":"j87ijs_2513","tabIndex":2},"Удаление-одной-квартиры":{"id":"Удаление-одной-квартиры","title":"Удаление одной квартиры","url":"удаление-одной-квартиры.html","level":2,"parentId":"j87ijs_2513","tabIndex":3},"j87ijs_2518":{"id":"j87ijs_2518","title":"Управление данными RFID ключей","level":1,"parentId":"j87ijs_2502","pages":["Чтение-данных-всех-RFID-ключей","Чтение-данных-одного-RFID-ключа","Добавление-редактирование-данных-об-одном-нескольких-ключах","Удаление-RFID-ключа"],"tabIndex":2},"Чтение-данных-всех-RFID-ключей":{"id":"Чтение-данных-всех-RFID-ключей","title":"Чтение данных всех RFID ключей","url":"чтение-данных-всех-rfid-ключей.html","level":2,"parentId":"j87ijs_2518","tabIndex":0},"Чтение-данных-одного-RFID-ключа":{"id":"Чтение-данных-одного-RFID-ключа","title":"Чтение данных одного RFID ключа","url":"чтение-данных-одного-rfid-ключа.html","level":2,"parentId":"j87ijs_2518","tabIndex":1},"Добавление-редактирование-данных-об-одном-нескольких-ключах":{"id":"Добавление-редактирование-данных-об-одном-нескольких-ключах","title":"Добавление/редактирование данных об одном/нескольких ключах","url":"добавление-редактирование-данных-об-одном-нескольких-ключах.html","level":2,"parentId":"j87ijs_2518","tabIndex":2},"Удаление-RFID-ключа":{"id":"Удаление-RFID-ключа","title":"Удаление RFID ключа","url":"удаление-rfid-ключа.html","level":2,"parentId":"j87ijs_2518","tabIndex":3},"j87ijs_2523":{"id":"j87ijs_2523","title":"Управление данными кодов доступа","level":1,"parentId":"j87ijs_2502","pages":["Чтение-данных-всех-кодов","Чтение-данных-одного-кода","Добавление-редактирование-данных-кодов","Удаление-одного-кода"],"tabIndex":3},"Чтение-данных-всех-кодов":{"id":"Чтение-данных-всех-кодов","title":"Чтение данных всех кодов","url":"чтение-данных-всех-кодов.html","level":2,"parentId":"j87ijs_2523","tabIndex":0},"Чтение-данных-одного-кода":{"id":"Чтение-данных-одного-кода","title":"Чтение данных одного кода","url":"чтение-данных-одного-кода.html","level":2,"parentId":"j87ijs_2523","tabIndex":1},"Добавление-редактирование-данных-кодов":{"id":"Добавление-редактирование-данных-кодов","title":"Добавление/редактирование данных кодов","url":"добавление-редактирование-данных-кодов.html","level":2,"parentId":"j87ijs_2523","tabIndex":2},"Удаление-одного-кода":{"id":"Удаление-одного-кода","title":"Удаление одного кода","url":"удаление-одного-кода.html","level":2,"parentId":"j87ijs_2523","tabIndex":3},"j87ijs_2528":{"id":"j87ijs_2528","title":"Управление данными дверей","level":1,"parentId":"j87ijs_2502","pages":["Чтение-состояния-всех-дверей","Чтение-состояния-одной-двери","Установка-состояния-двери"],"tabIndex":4},"Чтение-состояния-всех-дверей":{"id":"Чтение-состояния-всех-дверей","title":"Чтение состояния всех дверей","url":"чтение-состояния-всех-дверей.html","level":2,"parentId":"j87ijs_2528","tabIndex":0},"Чтение-состояния-одной-двери":{"id":"Чтение-состояния-одной-двери","title":"Чтение состояния одной двери","url":"чтение-состояния-одной-двери.html","level":2,"parentId":"j87ijs_2528","tabIndex":1},"Установка-состояния-двери":{"id":"Установка-состояния-двери","title":"Установка состояния двери","url":"установка-состояния-двери.html","level":2,"parentId":"j87ijs_2528","tabIndex":2},"j87ijs_2532":{"id":"j87ijs_2532","title":"Управление конфигурацией","level":1,"parentId":"j87ijs_2502","pages":["Чтение-всех-конфигурационных-параметров","Чтение-заголовка-набора-конфигурационных-параметров","Таймауты","Настройки-громкости","Специальные-режимы","Пороговые-уровни-напряжения-в-линии","Сервисные-коды","Температурные-уставки-IP-блока","Коды-DTMF","Текстовые-сообщения"],"tabIndex":5},"Чтение-всех-конфигурационных-параметров":{"id":"Чтение-всех-конфигурационных-параметров","title":"Чтение всех конфигурационных параметров","url":"чтение-всех-конфигурационных-параметров.html","level":2,"parentId":"j87ijs_2532","tabIndex":0},"Чтение-заголовка-набора-конфигурационных-параметров":{"id":"Чтение-заголовка-набора-конфигурационных-параметров","title":"Чтение заголовка набора конфигурационных параметров","url":"чтение-заголовка-набора-конфигурационных-параметров.html","level":2,"parentId":"j87ijs_2532","tabIndex":1},"Таймауты":{"id":"Таймауты","title":"Таймауты","url":"таймауты.html","level":2,"parentId":"j87ijs_2532","tabIndex":2},"Настройки-громкости":{"id":"Настройки-громкости","title":"Настройки громкости","url":"настройки-громкости.html","level":2,"parentId":"j87ijs_2532","tabIndex":3},"Специальные-режимы":{"id":"Специальные-режимы","title":"Специальные режимы","url":"специальные-режимы.html","level":2,"parentId":"j87ijs_2532","tabIndex":4},"Пороговые-уровни-напряжения-в-линии":{"id":"Пороговые-уровни-напряжения-в-линии","title":"Пороговые уровни напряжения в линии","url":"пороговые-уровни-напряжения-в-линии.html","level":2,"parentId":"j87ijs_2532","tabIndex":5},"Сервисные-коды":{"id":"Сервисные-коды","title":"Сервисные коды","url":"сервисные-коды.html","level":2,"parentId":"j87ijs_2532","tabIndex":6},"Температурные-уставки-IP-блока":{"id":"Температурные-уставки-IP-блока","title":"Температурные уставки IP-блока","url":"температурные-уставки-ip-блока.html","level":2,"parentId":"j87ijs_2532","tabIndex":7},"Коды-DTMF":{"id":"Коды-DTMF","title":"Коды DTMF","url":"коды-dtmf.html","level":2,"parentId":"j87ijs_2532","tabIndex":8},"Текстовые-сообщения":{"id":"Текстовые-сообщения","title":"Текстовые сообщения","url":"текстовые-сообщения.html","level":2,"parentId":"j87ijs_2532","tabIndex":9},"j87ijs_2543":{"id":"j87ijs_2543","title":"Оповещение населения","level":1,"parentId":"j87ijs_2502","pages":["Загрузка-файла-записи","Удаление-файла-записи","Запуск-остановка-режима-оповещения","Чтение-состояния-выполнения","Чтение-настроек-громкости","Запись-настроек-громкости"],"tabIndex":6},"Загрузка-файла-записи":{"id":"Загрузка-файла-записи","title":"Загрузка файла записи","url":"загрузка-файла-записи.html","level":2,"parentId":"j87ijs_2543","tabIndex":0},"Удаление-файла-записи":{"id":"Удаление-файла-записи","title":"Удаление файла записи","url":"удаление-файла-записи.html","level":2,"parentId":"j87ijs_2543","tabIndex":1},"Запуск-остановка-режима-оповещения":{"id":"Запуск-остановка-режима-оповещения","title":"Запуск/останов режима оповещения","url":"запуск-остановка-режима-оповещения.html","level":2,"parentId":"j87ijs_2543","tabIndex":2},"Чтение-состояния-выполнения":{"id":"Чтение-состояния-выполнения","title":"Чтение состояния выполнения","url":"чтение-состояния-выполнения.html","level":2,"parentId":"j87ijs_2543","tabIndex":3},"Чтение-настроек-громкости":{"id":"Чтение-настроек-громкости","title":"Чтение настроек громкости","url":"чтение-настроек-громкости.html","level":2,"parentId":"j87ijs_2543","tabIndex":4},"Запись-настроек-громкости":{"id":"Запись-настроек-громкости","title":"Запись настроек громкости","url":"запись-настроек-громкости.html","level":2,"parentId":"j87ijs_2543","tabIndex":5},"SIP":{"id":"SIP","title":"SIP","url":"sip.html","level":1,"parentId":"j87ijs_2502","tabIndex":7},"j87ijs_2551":{"id":"j87ijs_2551","title":"Обновление","level":1,"parentId":"j87ijs_2502","pages":["Чтение-версий-прошивок","Чтение-версий-прошивок-Artery","Чтение-версии-прошивки-RockChip","Обновление-прошивки-MCU-Artery","Чтение-состояния-обновления-прошивки","Обноваление-прошивки-CPU-RockChip"],"tabIndex":8},"Чтение-версий-прошивок":{"id":"Чтение-версий-прошивок","title":"Чтение версий прошивок","url":"чтение-версий-прошивок.html","level":2,"parentId":"j87ijs_2551","tabIndex":0},"Чтение-версий-прошивок-Artery":{"id":"Чтение-версий-прошивок-Artery","title":"Чтение версии прошивки Artery","url":"чтение-версий-прошивок-artery.html","level":2,"parentId":"j87ijs_2551","tabIndex":1},"Чтение-версии-прошивки-RockChip":{"id":"Чтение-версии-прошивки-RockChip","title":"Чтение версии прошивки RockChip","url":"чтение-версии-прошивки-rockchip.html","level":2,"parentId":"j87ijs_2551","tabIndex":2},"Обновление-прошивки-MCU-Artery":{"id":"Обновление-прошивки-MCU-Artery","title":"Обновление прошивки MCU Artery","url":"обновление-прошивки-mcu-artery.html","level":2,"parentId":"j87ijs_2551","tabIndex":3},"Чтение-состояния-обновления-прошивки":{"id":"Чтение-состояния-обновления-прошивки","title":"Чтение состояния обновления прошивки MCU Artery","url":"чтение-состояния-обновления-прошивки.html","level":2,"parentId":"j87ijs_2551","tabIndex":4},"Обноваление-прошивки-CPU-RockChip":{"id":"Обноваление-прошивки-CPU-RockChip","title":"Обновление прошивки CPU RockChip","url":"обноваление-прошивки-cpu-rockchip.html","level":2,"parentId":"j87ijs_2551","tabIndex":5},"j87ijs_2558":{"id":"j87ijs_2558","title":"NTP","level":1,"parentId":"j87ijs_2502","pages":["Чтение-настроек-NTP","Редактирование-настроек-NTP","Чтение-зон-NTP"],"tabIndex":9},"Чтение-настроек-NTP":{"id":"Чтение-настроек-NTP","title":"Чтение настроек NTP","url":"чтение-настроек-ntp.html","level":2,"parentId":"j87ijs_2558","tabIndex":0},"Редактирование-настроек-NTP":{"id":"Редактирование-настроек-NTP","title":"Редактирование настроек NTP","url":"редактирование-настроек-ntp.html","level":2,"parentId":"j87ijs_2558","tabIndex":1},"Чтение-зон-NTP":{"id":"Чтение-зон-NTP","title":"Чтение зон NTP","url":"чтение-зон-ntp.html","level":2,"parentId":"j87ijs_2558","tabIndex":2},"j87ijs_2562":{"id":"j87ijs_2562","title":"Настройки сети","level":1,"parentId":"j87ijs_2502","pages":["Чтение-всех-общих-настроек-сети","Чтение-метода-получения-адреса","Установка-метода-в-DHCP","Установка-настроек-сети-при-методе-static"],"tabIndex":10},"Чтение-всех-общих-настроек-сети":{"id":"Чтение-всех-общих-настроек-сети","title":"Чтение всех(общих) настроек сети","url":"чтение-всех-общих-настроек-сети.html","level":2,"parentId":"j87ijs_2562","tabIndex":0},"Чтение-метода-получения-адреса":{"id":"Чтение-метода-получения-адреса","title":"Чтение метода получения адреса","url":"чтение-метода-получения-адреса.html","level":2,"parentId":"j87ijs_2562","tabIndex":1},"Установка-метода-в-DHCP":{"id":"Установка-метода-в-DHCP","title":"Установка метода в DHCP","url":"установка-метода-в-dhcp.html","level":2,"parentId":"j87ijs_2562","tabIndex":2},"Установка-настроек-сети-при-методе-static":{"id":"Установка-настроек-сети-при-методе-static","title":"Метод static","url":"установка-настроек-сети-при-методе-static.html","level":2,"parentId":"j87ijs_2562","pages":["Чтение-настроек-сети-при-методе-static","Настройки-DNS","Адрес-шлюза"],"tabIndex":3},"Чтение-настроек-сети-при-методе-static":{"id":"Чтение-настроек-сети-при-методе-static","title":"IP-адреса/маски при методе static","url":"чтение-настроек-сети-при-методе-static.html","level":3,"parentId":"Установка-настроек-сети-при-методе-static","tabIndex":0},"Настройки-DNS":{"id":"Настройки-DNS","title":"Настройки DNS","url":"настройки-dns.html","level":3,"parentId":"Установка-настроек-сети-при-методе-static","tabIndex":1},"Адрес-шлюза":{"id":"Адрес-шлюза","title":"Адрес шлюза","url":"адрес-шлюза.html","level":3,"parentId":"Установка-настроек-сети-при-методе-static","tabIndex":2},"DTMF":{"id":"DTMF","title":"DTMF","url":"dtmf.html","level":1,"parentId":"j87ijs_2502","tabIndex":11},"Ожидает-реализации":{"id":"Ожидает-реализации","title":"Ожидает реализации","url":"ожидает-реализации.html","level":0,"tabIndex":4},"История-измений-API":{"id":"История-измений-API","title":"История изменений API","url":"история-измений-api.html","level":0,"tabIndex":5}}},"topLevelIds":["Введение","Авторизация","Обзор-ресурсов","j87ijs_2502","Ожидает-реализации","История-измений-API"]}